layer,cache,component,shape,numel,mean,std,min,max,abs_mean,rms,p01,p50,p99,zero_fraction,residual_to_receiver_rms
0,receiver,K,1x8x50x128,51200,0.1335158348083496,17.704513549804688,-494.0,520.0,3.0009586811065674,17.705015182495117,-8.625,0.0052490234375,9.0,0.0001367187505820766,
0,fused,K,1x8x50x128,51200,0.1335158348083496,17.704513549804688,-494.0,520.0,3.0009586811065674,17.705015182495117,-8.625,0.0052490234375,9.0,0.0001367187505820766,
0,fused_minus_receiver,K,1x8x50x128,51200,0.0,0.0,0.0,0.0,0.0,0.0,0.0,0.0,0.0,1.0,0.0
0,receiver,V,1x8x50x128,51200,-0.0042080446146428585,0.14902237057685852,-2.484375,2.03125,0.10251037031412125,0.149081751704216,-0.3984375,-0.002410888671875,0.353515625,0.0,
0,fused,V,1x8x50x128,51200,-0.0042080446146428585,0.14902237057685852,-2.484375,2.03125,0.10251037031412125,0.149081751704216,-0.3984375,-0.002410888671875,0.353515625,0.0,
0,fused_minus_receiver,V,1x8x50x128,51200,0.0,0.0,0.0,0.0,0.0,0.0,0.0,0.0,0.0,1.0,0.0
1,receiver,K,1x8x50x128,51200,-0.01986045390367508,11.513999938964844,-177.0,196.0,2.395905017852783,11.514018058776855,-8.5,-0.04248046875,8.0,0.0001367187505820766,
1,fused,K,1x8x50x128,51200,-0.01986045390367508,11.513999938964844,-177.0,196.0,2.395905017852783,11.514018058776855,-8.5,-0.04248046875,8.0,0.0001367187505820766,
1,fused_minus_receiver,K,1x8x50x128,51200,0.0,0.0,0.0,0.0,0.0,0.0,0.0,0.0,0.0,1.0,0.0
1,receiver,V,1x8x50x128,51200,0.0003533820854499936,0.10843970626592636,-1.0390625,0.796875,0.0796409472823143,0.10844028741121292,-0.287109375,0.0005016326904296875,0.28125,0.0,
1,fused,V,1x8x50x128,51200,0.0003533820854499936,0.10843970626592636,-1.0390625,0.796875,0.0796409472823143,0.10844028741121292,-0.287109375,0.0005016326904296875,0.28125,0.0,
1,fused_minus_receiver,V,1x8x50x128,51200,0.0,0.0,0.0,0.0,0.0,0.0,0.0,0.0,0.0,1.0,0.0
2,receiver,K,1x8x50x128,51200,0.2915639579296112,9.061012268066406,-158.0,186.0,2.0821127891540527,9.065701484680176,-7.3125,-0.001361846923828125,8.5,0.0001367187505820766,
2,fused,K,1x8x50x128,51200,0.2915639579296112,9.061012268066406,-158.0,186.0,2.0821127891540527,9.065701484680176,-7.3125,-0.001361846923828125,8.5,0.0001367187505820766,
2,fused_minus_receiver,K,1x8x50x128,51200,0.0,0.0,0.0,0.0,0.0,0.0,0.0,0.0,0.0,1.0,0.0
2,receiver,V,1x8x50x128,51200,0.003259723773226142,0.15339535474777222,-5.3125,5.09375,0.10352881997823715,0.15342997014522552,-0.349609375,0.0031585693359375,0.361328125,0.0,
2,fused,V,1x8x50x128,51200,0.0016003948403522372,0.20942530035972595,-5.25,4.96875,0.13790032267570496,0.20943139493465424,-0.5078125,0.0023193359375,0.48828125,1.9531249563442543e-05,
2,fused_minus_receiver,V,1x8x50x128,51200,-0.0016580383526161313,0.13801102340221405,-2.703125,2.90625,0.07319924235343933,0.13802097737789154,-0.376953125,-0.0009765625,0.34765625,0.00624999962747097,0.8995698640053897
3,receiver,K,1x8x50x128,51200,-0.08717647194862366,4.903124809265137,-95.5,105.0,1.4942283630371094,4.903900146484375,-7.687812805175781,-0.00142669677734375,6.125,0.00021484374883584678,
3,fused,K,1x8x50x128,51200,-0.08309522271156311,5.013086318969727,-95.5,105.0,1.6658291816711426,5.013774871826172,-8.875,0.008636474609375,6.6875,7.812499825377017e-05,
3,fused_minus_receiver,K,1x8x50x128,51200,0.004091466777026653,0.9071885943412781,-8.125,7.6875,0.25780826807022095,0.9071978330612183,-4.03125,0.0,3.359375,0.3912695348262787,0.18499516832772214
3,receiver,V,1x8x50x128,51200,-0.007982829585671425,0.4222013056278229,-3.21875,2.640625,0.31331199407577515,0.42227673530578613,-1.1016407012939453,-0.005279541015625,1.0859375,0.0,
3,fused,V,1x8x50x128,51200,-0.007982829585671425,0.4222013056278229,-3.21875,2.640625,0.31331199407577515,0.42227673530578613,-1.1016407012939453,-0.005279541015625,1.0859375,0.0,
3,fused_minus_receiver,V,1x8x50x128,51200,0.0,0.0,0.0,0.0,0.0,0.0,0.0,0.0,0.0,1.0,0.0
4,receiver,K,1x8x50x128,51200,-0.1375940442085266,7.81284236907959,-129.0,118.0,2.739604949951172,7.814054489135742,-16.25,0.012481689453125,15.1875,0.0001367187505820766,
4,fused,K,1x8x50x128,51200,-0.1093815490603447,7.859068870544434,-129.0,118.0,2.9161829948425293,7.859829902648926,-16.626251220703125,0.0274658203125,15.4375,7.812499825377017e-05,
4,fused_minus_receiver,K,1x8x50x128,51200,0.028204135596752167,1.1350175142288208,-10.1875,12.375,0.3214436173439026,1.1353679895401,-4.5625,0.0,4.5625,0.6861523389816284,0.1452981920101347
4,receiver,V,1x8x50x128,51200,-0.0032523295376449823,0.408901572227478,-3.3125,2.96875,0.3068085312843323,0.4089144468307495,-1.046875,-0.00177764892578125,1.0390625,0.0,
4,fused,V,1x8x50x128,51200,-0.0032523295376449823,0.408901572227478,-3.3125,2.96875,0.3068085312843323,0.4089144468307495,-1.046875,-0.00177764892578125,1.0390625,0.0,
4,fused_minus_receiver,V,1x8x50x128,51200,0.0,0.0,0.0,0.0,0.0,0.0,0.0,0.0,0.0,1.0,0.0
5,receiver,K,1x8x50x128,51200,0.039161715656518936,8.948437690734863,-137.0,116.5,2.4803354740142822,8.948524475097656,-13.5,0.006134033203125,17.5,0.00025390624068677425,
5,fused,K,1x8x50x128,51200,0.09464286267757416,9.305633544921875,-137.0,123.5,3.108471632003784,9.306116104125977,-14.75,0.0374755859375,17.5,0.0,
5,fused_minus_receiver,K,1x8x50x128,51200,0.055506713688373566,2.282146692276001,-16.75,15.0625,0.9247756600379944,2.2828218936920166,-8.0,0.0,7.9375,0.3624023497104645,0.25510595629980704
5,receiver,V,1x8x50x128,51200,-0.0026467072311788797,0.48944172263145447,-11.8125,4.15625,0.362373948097229,0.4894488751888275,-1.2188282012939453,-0.0020904541015625,1.2734375,0.0,
5,fused,V,1x8x50x128,51200,-0.0026467072311788797,0.48944172263145447,-11.8125,4.15625,0.362373948097229,0.4894488751888275,-1.2188282012939453,-0.0020904541015625,1.2734375,0.0,
5,fused_minus_receiver,V,1x8x50x128,51200,0.0,0.0,0.0,0.0,0.0,0.0,0.0,0.0,0.0,1.0,0.0
6,receiver,K,1x8x50x128,51200,-0.07690722495317459,5.362431049346924,-82.0,93.5,2.0847506523132324,5.362983226776123,-13.1875,0.005706787109375,10.313232421875,0.00015624999650754035,
6,fused,K,1x8x50x128,51200,-0.07690722495317459,5.362431049346924,-82.0,93.5,2.0847506523132324,5.362983226776123,-13.1875,0.005706787109375,10.313232421875,0.00015624999650754035,
6,fused_minus_receiver,K,1x8x50x128,51200,0.0,0.0,0.0,0.0,0.0,0.0,0.0,0.0,0.0,1.0,0.0
6,receiver,V,1x8x50x128,51200,0.0028973757289350033,0.39205875992774963,-2.875,2.828125,0.2956712543964386,0.3920694589614868,-1.0,0.001529693603515625,1.0078125,0.0,
6,fused,V,1x8x50x128,51200,0.0028973757289350033,0.39205875992774963,-2.875,2.828125,0.2956712543964386,0.3920694589614868,-1.0,0.001529693603515625,1.0078125,0.0,
6,fused_minus_receiver,V,1x8x50x128,51200,0.0,0.0,0.0,0.0,0.0,0.0,0.0,0.0,0.0,1.0,0.0
7,receiver,K,1x8x50x128,51200,-0.028808338567614555,4.914908409118652,-73.0,74.5,1.7801090478897095,4.914992332458496,-13.063125610351562,0.0087890625,14.75,0.0002734375011641532,
7,fused,K,1x8x50x128,51200,-0.028808338567614555,4.914908409118652,-73.0,74.5,1.7801090478897095,4.914992332458496,-13.063125610351562,0.0087890625,14.75,0.0002734375011641532,
7,fused_minus_receiver,K,1x8x50x128,51200,0.0,0.0,0.0,0.0,0.0,0.0,0.0,0.0,0.0,1.0,0.0
7,receiver,V,1x8x50x128,51200,-0.004225613549351692,0.5266007781028748,-3.34375,3.578125,0.40204742550849915,0.526617705821991,-1.359375,-0.001384735107421875,1.2890625,0.0,
7,fused,V,1x8x50x128,51200,-0.0025958253536373377,0.5791975855827332,-4.0,4.8125,0.438656747341156,0.5792034268379211,-1.5,-0.000232696533203125,1.437591552734375,0.0,
7,fused_minus_receiver,V,1x8x50x128,51200,0.001630833139643073,0.24149592220783234,-3.4375,5.15625,0.1276981681585312,0.24150140583515167,-0.7617578506469727,0.00146484375,0.75390625,0.013007812201976776,0.458589605258705
8,receiver,K,1x8x50x128,51200,-0.038536157459020615,2.2797441482543945,-30.875,29.0,1.228277564048767,2.2800698280334473,-6.625,0.00039768218994140625,5.5625,3.9062499126885086e-05,
8,fused,K,1x8x50x128,51200,-0.038536157459020615,2.2797441482543945,-30.875,29.0,1.228277564048767,2.2800698280334473,-6.625,0.00039768218994140625,5.5625,3.9062499126885086e-05,
8,fused_minus_receiver,K,1x8x50x128,51200,0.0,0.0,0.0,0.0,0.0,0.0,0.0,0.0,0.0,1.0,0.0
8,receiver,V,1x8x50x128,51200,0.004684810061007738,0.8338647484779358,-18.25,24.875,0.46904340386390686,0.8338779211044312,-1.7265625,0.00048065185546875,1.7109375,0.0,
8,fused,V,1x8x50x128,51200,0.02813982218503952,0.9990745782852173,-18.25,25.0,0.629206120967865,0.9994707703590393,-2.25,0.0167236328125,2.4375,0.0,
8,fused_minus_receiver,V,1x8x50x128,51200,0.02345290221273899,0.5584222674369812,-4.25,4.75,0.32923683524131775,0.5589144825935364,-1.5625,0.0,1.71875,0.04996093735098839,0.6702593610504534
9,receiver,K,1x8x50x128,51200,0.08981913328170776,3.2569425106048584,-36.25,42.0,1.5401924848556519,3.2581803798675537,-9.188125610351562,0.015625,9.000732421875,0.00023437499476131052,
9,fused,K,1x8x50x128,51200,0.08981913328170776,3.2569425106048584,-36.25,42.0,1.5401924848556519,3.2581803798675537,-9.188125610351562,0.015625,9.000732421875,0.00023437499476131052,
9,fused_minus_receiver,K,1x8x50x128,51200,0.0,0.0,0.0,0.0,0.0,0.0,0.0,0.0,0.0,1.0,0.0
9,receiver,V,1x8x50x128,51200,-0.02094973251223564,0.7356429100036621,-5.78125,4.46875,0.5507013201713562,0.7359411120414734,-1.9453907012939453,-0.0145263671875,1.859375,0.0,
9,fused,V,1x8x50x128,51200,-0.02094973251223564,0.7356429100036621,-5.78125,4.46875,0.5507013201713562,0.7359411120414734,-1.9453907012939453,-0.0145263671875,1.859375,0.0,
9,fused_minus_receiver,V,1x8x50x128,51200,0.0,0.0,0.0,0.0,0.0,0.0,0.0,0.0,0.0,1.0,0.0
10,receiver,K,1x8x50x128,51200,0.10617811232805252,4.36079216003418,-62.25,68.0,1.6427760124206543,4.36208438873291,-9.3125,0.014556884765625,9.813232421875,0.00019531248835846782,
10,fused,K,1x8x50x128,51200,0.10617811232805252,4.36079216003418,-62.25,68.0,1.6427760124206543,4.36208438873291,-9.3125,0.014556884765625,9.813232421875,0.00019531248835846782,
10,fused_minus_receiver,K,1x8x50x128,51200,0.0,0.0,0.0,0.0,0.0,0.0,0.0,0.0,0.0,1.0,0.0
10,receiver,V,1x8x50x128,51200,0.021522635594010353,0.7435737252235413,-7.46875,11.1875,0.5552954077720642,0.7438850998878479,-1.8203125,0.010101318359375,1.9453125,0.0,
10,fused,V,1x8x50x128,51200,0.022448832169175148,0.8897461295127869,-6.875,11.4375,0.668381929397583,0.8900291919708252,-2.234375,0.00982666015625,2.359375,5.859374869032763e-05,
10,fused_minus_receiver,V,1x8x50x128,51200,0.0009274440817534924,0.48698508739471436,-5.6875,5.21875,0.30114424228668213,0.4869859516620636,-1.46875,0.001953125,1.4921875,0.008574218489229679,0.6546521119128266
11,receiver,K,1x8x50x128,51200,0.025619663298130035,2.4676570892333984,-45.0,24.875,1.4609400033950806,2.467789649963379,-7.8125,0.004547119140625,8.125,0.0001367187505820766,
11,fused,K,1x8x50x128,51200,0.04466264694929123,2.5558910369873047,-45.0,24.875,1.585729956626892,2.556281328201294,-8.0,0.01513671875,8.125732421875,0.0,
11,fused_minus_receiver,K,1x8x50x128,51200,0.01904412917792797,0.7052308320999146,-5.8125,6.75,0.2800941467285156,0.7054879665374756,-2.40625,0.0,2.703125,0.26656249165534973,0.2858784850434658
11,receiver,V,1x8x50x128,51200,-0.014885129407048225,1.1192171573638916,-18.375,21.5,0.7278023362159729,1.1193161010742188,-3.0,-0.00287628173828125,2.703125,0.0,
11,fused,V,1x8x50x128,51200,-0.014885129407048225,1.1192171573638916,-18.375,21.5,0.7278023362159729,1.1193161010742188,-3.0,-0.00287628173828125,2.703125,0.0,
11,fused_minus_receiver,V,1x8x50x128,51200,0.0,0.0,0.0,0.0,0.0,0.0,0.0,0.0,0.0,1.0,0.0
12,receiver,K,1x8x50x128,51200,0.01691664569079876,2.9463226795196533,-56.0,49.0,1.2232056856155396,2.946371078491211,-5.625312805175781,0.00439453125,5.75,0.0001367187505820766,
12,fused,K,1x8x50x128,51200,0.01691664569079876,2.9463226795196533,-56.0,49.0,1.2232056856155396,2.946371078491211,-5.625312805175781,0.00439453125,5.75,0.0001367187505820766,
12,fused_minus_receiver,K,1x8x50x128,51200,0.0,0.0,0.0,0.0,0.0,0.0,0.0,0.0,0.0,1.0,0.0
12,receiver,V,1x8x50x128,51200,-0.00906295608729124,1.8047995567321777,-38.0,40.25,0.9118025898933411,1.8048222064971924,-4.46875,0.004730224609375,3.765625,0.0,
12,fused,V,1x8x50x128,51200,-0.008844366297125816,1.9313429594039917,-35.25,37.0,0.9597643613815308,1.9313632249832153,-5.09375,0.00247955322265625,4.3441162109375,1.9531249563442543e-05,
12,fused_minus_receiver,V,1x8x50x128,51200,0.00021326213027350605,0.7664268612861633,-14.75,18.25,0.20702001452445984,0.7664268612861633,-1.6875,0.0,1.54705810546875,0.027753906324505806,0.4246550483073057
13,receiver,K,1x8x50x128,51200,0.000653307419270277,1.8461909294128418,-21.5,23.875,1.1551064252853394,1.8461908102035522,-6.0625,-0.0009613037109375,5.5,0.00015624999650754035,
13,fused,K,1x8x50x128,51200,0.000653307419270277,1.8461909294128418,-21.5,23.875,1.1551064252853394,1.8461908102035522,-6.0625,-0.0009613037109375,5.5,0.00015624999650754035,
13,fused_minus_receiver,K,1x8x50x128,51200,0.0,0.0,0.0,0.0,0.0,0.0,0.0,0.0,0.0,1.0,0.0
13,receiver,V,1x8x50x128,51200,-0.001538693904876709,1.8299251794815063,-36.75,37.0,0.9375718235969543,1.829925775527954,-4.53125,0.0049896240234375,4.4375,0.0,
13,fused,V,1x8x50x128,51200,0.011608678847551346,2.3216724395751953,-50.25,37.5,1.1148649454116821,2.3217012882232666,-5.437812805175781,0.026611328125,5.5625,0.0,
13,fused_minus_receiver,V,1x8x50x128,51200,0.013144179247319698,1.6008553504943848,-39.75,42.5,0.4699329733848572,1.6009092330932617,-2.859375,0.001953125,2.5625,0.022109374403953552,0.8748492723052559
14,receiver,K,1x8x50x128,51200,0.10182138532400131,2.169546127319336,-23.5,29.875,1.2363609075546265,2.1719343662261963,-5.53125,0.0072174072265625,6.3125,0.00019531248835846782,
14,fused,K,1x8x50x128,51200,0.10182138532400131,2.169546127319336,-23.5,29.875,1.2363609075546265,2.1719343662261963,-5.53125,0.0072174072265625,6.3125,0.00019531248835846782,
14,fused_minus_receiver,K,1x8x50x128,51200,0.0,0.0,0.0,0.0,0.0,0.0,0.0,0.0,0.0,1.0,0.0
14,receiver,V,1x8x50x128,51200,0.013220171444118023,1.8790324926376343,-46.75,31.5,0.9890937805175781,1.8790791034698486,-4.062812805175781,0.0126953125,4.1878662109375,0.0,
14,fused,V,1x8x50x128,51200,0.013220171444118023,1.8790324926376343,-46.75,31.5,0.9890937805175781,1.8790791034698486,-4.062812805175781,0.0126953125,4.1878662109375,0.0,
14,fused_minus_receiver,V,1x8x50x128,51200,0.0,0.0,0.0,0.0,0.0,0.0,0.0,0.0,0.0,1.0,0.0
15,receiver,K,1x8x50x128,51200,-0.06841117143630981,4.240627765655518,-66.5,60.25,1.750896692276001,4.241179466247559,-11.5,0.00115203857421875,9.313232421875,0.00025390624068677425,
15,fused,K,1x8x50x128,51200,-0.179859921336174,4.688891887664795,-66.5,56.75,2.3682429790496826,4.69234037399292,-12.0625,-0.01300048828125,10.375,0.0001367187505820766,
15,fused_minus_receiver,K,1x8x50x128,51200,-0.11143612861633301,1.9328738451004028,-12.6875,11.25,0.9353455901145935,1.936083436012268,-6.75,0.0,5.7191162109375,0.16005858778953552,0.4564964655280773
15,receiver,V,1x8x50x128,51200,0.021932009607553482,1.4800522327423096,-10.3125,10.0,1.104833960533142,1.4802147150039673,-3.796875,0.01092529296875,3.953125,0.0,
15,fused,V,1x8x50x128,51200,0.021932009607553482,1.4800522327423096,-10.3125,10.0,1.104833960533142,1.4802147150039673,-3.796875,0.01092529296875,3.953125,0.0,
15,fused_minus_receiver,V,1x8x50x128,51200,0.0,0.0,0.0,0.0,0.0,0.0,0.0,0.0,0.0,1.0,0.0
16,receiver,K,1x8x50x128,51200,0.04184607416391373,2.288120985031128,-39.0,24.875,1.3923183679580688,2.288503646850586,-7.40625,0.01947021484375,6.84375,9.765624417923391e-05,
16,fused,K,1x8x50x128,51200,0.029439065605401993,2.4249355792999268,-35.0,24.5,1.5892013311386108,2.425114393234253,-7.65625,0.02728271484375,6.78125,3.9062499126885086e-05,
16,fused_minus_receiver,K,1x8x50x128,51200,-0.0123974047601223,0.9604324102401733,-10.8125,6.4375,0.442118763923645,0.9605123996734619,-3.2657814025878906,0.0,3.01580810546875,0.2989843785762787,0.41971198123075254
16,receiver,V,1x8x50x128,51200,0.01053637731820345,1.5997815132141113,-10.375,11.5625,1.184626817703247,1.5998162031173706,-4.28125,0.0142822265625,4.0625,0.0,
16,fused,V,1x8x50x128,51200,0.01053637731820345,1.5997815132141113,-10.375,11.5625,1.184626817703247,1.5998162031173706,-4.28125,0.0142822265625,4.0625,0.0,
16,fused_minus_receiver,V,1x8x50x128,51200,0.0,0.0,0.0,0.0,0.0,0.0,0.0,0.0,0.0,1.0,0.0
17,receiver,K,1x8x50x128,51200,0.037115540355443954,2.6321754455566406,-31.5,46.0,1.297876238822937,2.632436752319336,-6.65625,-0.001953125,6.1253662109375,0.00019531248835846782,
17,fused,K,1x8x50x128,51200,0.037115540355443954,2.6321754455566406,-31.5,46.0,1.297876238822937,2.632436752319336,-6.65625,-0.001953125,6.1253662109375,0.00019531248835846782,
17,fused_minus_receiver,K,1x8x50x128,51200,0.0,0.0,0.0,0.0,0.0,0.0,0.0,0.0,0.0,1.0,0.0
17,receiver,V,1x8x50x128,51200,-0.053228043019771576,2.4295554161071777,-13.75,18.375,1.8279982805252075,2.430138349533081,-6.34375,-0.01934814453125,6.03125,0.0,
17,fused,V,1x8x50x128,51200,-0.02345133200287819,2.6939122676849365,-16.375,18.5,2.016545295715332,2.694014310836792,-7.0,-0.011810302734375,6.9375,5.859374869032763e-05,
17,fused_minus_receiver,V,1x8x50x128,51200,0.029782414436340332,1.1873027086257935,-15.125,13.8125,0.6343084573745728,1.1876763105392456,-3.5,0.0,3.84375,0.09810546785593033,0.48872785813509007
18,receiver,K,1x8x50x128,51200,0.04487961530685425,2.225235939025879,-28.5,30.75,1.3639564514160156,2.2256884574890137,-6.34375,-0.001209259033203125,7.59375,0.0001367187505820766,
18,fused,K,1x8x50x128,51200,0.04487961530685425,2.225235939025879,-28.5,30.75,1.3639564514160156,2.2256884574890137,-6.34375,-0.001209259033203125,7.59375,0.0001367187505820766,
18,fused_minus_receiver,K,1x8x50x128,51200,0.0,0.0,0.0,0.0,0.0,0.0,0.0,0.0,0.0,1.0,0.0
18,receiver,V,1x8x50x128,51200,-0.034226398915052414,2.338881254196167,-14.0625,15.9375,1.7720685005187988,2.3391315937042236,-6.000312805175781,-0.019287109375,5.875,0.0,
18,fused,V,1x8x50x128,51200,-0.034226398915052414,2.338881254196167,-14.0625,15.9375,1.7720685005187988,2.3391315937042236,-6.000312805175781,-0.019287109375,5.875,0.0,
18,fused_minus_receiver,V,1x8x50x128,51200,0.0,0.0,0.0,0.0,0.0,0.0,0.0,0.0,0.0,1.0,0.0
19,receiver,K,1x8x50x128,51200,0.06242268532514572,2.2540791034698486,-28.25,31.375,1.3564410209655762,2.254943370819092,-6.21875,0.00897216796875,7.46875,0.00021484374883584678,
19,fused,K,1x8x50x128,51200,0.07539065927267075,2.3113455772399902,-27.875,31.375,1.4176719188690186,2.312574625015259,-6.4375,0.015350341796875,7.4375,9.765624417923391e-05,
19,fused_minus_receiver,K,1x8x50x128,51200,0.012967109680175781,0.4577503204345703,-3.828125,5.0625,0.14347384870052338,0.4579339325428009,-1.7265625,0.0,1.890625,0.31193357706069946,0.20308001454442723
19,receiver,V,1x8x50x128,51200,-0.012300423346459866,2.954235792160034,-16.75,16.0,2.259193181991577,2.954261541366577,-7.3125,-0.0070648193359375,7.46875,0.0,
19,fused,V,1x8x50x128,51200,-0.010121078230440617,3.123821496963501,-17.375,18.125,2.3906967639923096,3.12383770942688,-7.78125,-0.0040740966796875,7.9375,1.9531249563442543e-05,
19,fused_minus_receiver,V,1x8x50x128,51200,0.0021809511817991734,1.0099482536315918,-7.15625,8.4375,0.6067761778831482,1.0099506378173828,-3.0,0.0,2.953125,0.09714843332767487,0.34186229745596647
20,receiver,K,1x8x50x128,51200,0.0068449294194579124,2.315443992614746,-26.375,26.375,1.3254520893096924,2.3154537677764893,-6.8125,-0.0039825439453125,7.625,0.00015624999650754035,
20,fused,K,1x8x50x128,51200,0.0068449294194579124,2.315443992614746,-26.375,26.375,1.3254520893096924,2.3154537677764893,-6.8125,-0.0039825439453125,7.625,0.00015624999650754035,
20,fused_minus_receiver,K,1x8x50x128,51200,0.0,0.0,0.0,0.0,0.0,0.0,0.0,0.0,0.0,1.0,0.0
20,receiver,V,1x8x50x128,51200,0.0687803328037262,3.255781650543213,-18.25,19.875,2.4712393283843994,3.2565078735351562,-8.0,0.02081298828125,8.5625,0.0,
20,fused,V,1x8x50x128,51200,0.0687803328037262,3.255781650543213,-18.25,19.875,2.4712393283843994,3.2565078735351562,-8.0,0.02081298828125,8.5625,0.0,
20,fused_minus_receiver,V,1x8x50x128,51200,0.0,0.0,0.0,0.0,0.0,0.0,0.0,0.0,0.0,1.0,0.0
21,receiver,K,1x8x50x128,51200,0.006373059470206499,2.2620604038238525,-34.75,28.0,1.2157223224639893,2.2620694637298584,-6.78125,0.00045108795166015625,6.6566162109375,0.00011718749738065526,
21,fused,K,1x8x50x128,51200,-0.009196307510137558,2.429166555404663,-34.75,28.0,1.4056529998779297,2.4291839599609375,-6.71875,-0.0004215240478515625,6.75,1.9531249563442543e-05,
21,fused_minus_receiver,K,1x8x50x128,51200,-0.015574133954942226,0.8979452252388,-6.59375,7.3125,0.3579385280609131,0.8980802297592163,-3.46875,0.0,3.046875,0.3125976622104645,0.39701708729952034
21,receiver,V,1x8x50x128,51200,0.003782038576900959,4.493760585784912,-26.875,27.375,3.397298574447632,4.493762016296387,-11.5625,0.01824951171875,11.4375,0.0,
21,fused,V,1x8x50x128,51200,0.003782038576900959,4.493760585784912,-26.875,27.375,3.397298574447632,4.493762016296387,-11.5625,0.01824951171875,11.4375,0.0,
21,fused_minus_receiver,V,1x8x50x128,51200,0.0,0.0,0.0,0.0,0.0,0.0,0.0,0.0,0.0,1.0,0.0
22,receiver,K,1x8x50x128,51200,-0.04984061047434807,1.9348946809768677,-22.25,17.5,1.1488102674484253,1.9355363845825195,-6.4375,-0.0033721923828125,6.5625,7.812499825377017e-05,
22,fused,K,1x8x50x128,51200,-0.058435458689928055,2.057722568511963,-23.625,17.75,1.2787854671478271,2.0585520267486572,-6.5,-0.01092529296875,6.9375,3.9062499126885086e-05,
22,fused_minus_receiver,K,1x8x50x128,51200,-0.008589465171098709,0.6671609878540039,-10.1875,8.5,0.24514250457286835,0.6672163009643555,-2.40625,0.0,2.359375,0.19570311903953552,0.34471906923530604
22,receiver,V,1x8x50x128,51200,0.051096055656671524,4.6791534423828125,-25.625,24.125,3.5942163467407227,4.679432392120361,-11.625,0.013946533203125,11.8125,0.0,
22,fused,V,1x8x50x128,51200,0.06676638126373291,5.17418909072876,-45.5,38.25,3.972515106201172,5.174619674682617,-12.8125,0.014617919921875,12.8125,9.765624417923391e-05,
22,fused_minus_receiver,V,1x8x50x128,51200,0.01569201983511448,2.2313084602355957,-21.5,23.75,1.329681396484375,2.231363534927368,-6.65625,0.0,6.5,0.10851562023162842,0.4768449136448117
23,receiver,K,1x8x50x128,51200,0.06809106469154358,2.7942800521850586,-28.0,32.75,1.5551172494888306,2.795109510421753,-8.8125,0.004241943359375,9.625,0.00015624999650754035,
23,fused,K,1x8x50x128,51200,0.08118715137243271,2.900721549987793,-28.0,32.75,1.6877574920654297,2.901857376098633,-8.6875,0.00023126602172851562,9.875,7.812499825377017e-05,
23,fused_minus_receiver,K,1x8x50x128,51200,0.013087739236652851,0.8753177523612976,-7.5,8.125,0.29889774322509766,0.8754155039787292,-3.40625,0.0,3.4375,0.4253320097923279,0.313195422474391
23,receiver,V,1x8x50x128,51200,-0.0008870220044627786,5.064962387084961,-34.25,34.5,3.801295757293701,5.064962863922119,-13.125,0.00179290771484375,12.8125,0.0,
23,fused,V,1x8x50x128,51200,-0.005013640038669109,5.31955623626709,-32.75,34.5,4.011379718780518,5.319558143615723,-13.5625,-0.00726318359375,13.5,3.9062499126885086e-05,
23,fused_minus_receiver,V,1x8x50x128,51200,-0.004132948815822601,1.6547198295593262,-16.625,17.0,0.9529342651367188,1.6547249555587769,-4.875,0.0,4.9375,0.1570117175579071,0.3267003135097854
24,receiver,K,1x8x50x128,51200,0.07096859812736511,3.3053860664367676,-45.0,35.25,1.6482396125793457,3.306147575378418,-9.9375,-0.0003662109375,12.25,0.00011718749738065526,
24,fused,K,1x8x50x128,51200,0.07096859812736511,3.3053860664367676,-45.0,35.25,1.6482396125793457,3.306147575378418,-9.9375,-0.0003662109375,12.25,0.00011718749738065526,
24,fused_minus_receiver,K,1x8x50x128,51200,0.0,0.0,0.0,0.0,0.0,0.0,0.0,0.0,0.0,1.0,0.0
24,receiver,V,1x8x50x128,51200,-0.03272468224167824,6.514018535614014,-42.75,37.75,4.887614727020264,6.514100551605225,-16.875,-0.0093994140625,16.75,0.0,
24,fused,V,1x8x50x128,51200,-0.03272468224167824,6.514018535614014,-42.75,37.75,4.887614727020264,6.514100551605225,-16.875,-0.0093994140625,16.75,0.0,
24,fused_minus_receiver,V,1x8x50x128,51200,0.0,0.0,0.0,0.0,0.0,0.0,0.0,0.0,0.0,1.0,0.0
25,receiver,K,1x8x50x128,51200,0.013534436002373695,3.0158307552337646,-36.5,37.75,1.521566390991211,3.0158612728118896,-10.75,0.0004940032958984375,10.8125,0.00011718749738065526,
25,fused,K,1x8x50x128,51200,0.013534436002373695,3.0158307552337646,-36.5,37.75,1.521566390991211,3.0158612728118896,-10.75,0.0004940032958984375,10.8125,0.00011718749738065526,
25,fused_minus_receiver,K,1x8x50x128,51200,0.0,0.0,0.0,0.0,0.0,0.0,0.0,0.0,0.0,1.0,0.0
25,receiver,V,1x8x50x128,51200,0.06708717346191406,7.996640682220459,-46.5,53.0,5.929197788238525,7.996921539306641,-21.0,0.057373046875,21.0,0.0,
25,fused,V,1x8x50x128,51200,0.07452724128961563,8.343182563781738,-46.5,53.0,6.20374059677124,8.343515396118164,-21.625,0.0625,21.75,7.812499825377017e-05,
25,fused_minus_receiver,V,1x8x50x128,51200,0.0074605862610042095,2.402543783187866,-24.625,33.75,1.099843978881836,2.402554988861084,-7.59375,0.0,7.9375,0.32652342319488525,0.30043498326849827
26,receiver,K,1x8x50x128,51200,0.012880359776318073,2.201594352722168,-36.25,24.625,1.1914130449295044,2.201632022857666,-7.4375,-0.0001697540283203125,7.75,1.9531249563442543e-05,
26,fused,K,1x8x50x128,51200,0.013245013542473316,2.2043755054473877,-36.25,25.0,1.194928526878357,2.2044153213500977,-7.4375,0.00014162063598632812,7.75,0.0,
26,fused_minus_receiver,K,1x8x50x128,51200,0.00036472000647336245,0.07347509264945984,-1.515625,1.53125,0.024280564859509468,0.07347600162029266,-0.2109375,0.0,0.21875,0.3854687511920929,0.033373425194334956
26,receiver,V,1x8x50x128,51200,0.10069489479064941,8.027673721313477,-81.0,45.25,6.031402587890625,8.028305053710938,-20.126251220703125,0.072021484375,20.625,0.0,
26,fused,V,1x8x50x128,51200,0.10069489479064941,8.027673721313477,-81.0,45.25,6.031402587890625,8.028305053710938,-20.126251220703125,0.072021484375,20.625,0.0,
26,fused_minus_receiver,V,1x8x50x128,51200,0.0,0.0,0.0,0.0,0.0,0.0,0.0,0.0,0.0,1.0,0.0
27,receiver,K,1x8x50x128,51200,0.009978674352169037,2.7288625240325928,-40.25,44.5,1.2781600952148438,2.7288806438446045,-5.75,-0.001804351806640625,6.53125,0.0002929687325377017,
27,fused,K,1x8x50x128,51200,0.009978674352169037,2.7288625240325928,-40.25,44.5,1.2781600952148438,2.7288806438446045,-5.75,-0.001804351806640625,6.53125,0.0002929687325377017,
27,fused_minus_receiver,K,1x8x50x128,51200,0.0,0.0,0.0,0.0,0.0,0.0,0.0,0.0,0.0,1.0,0.0
27,receiver,V,1x8x50x128,51200,-0.05321750417351723,6.79815673828125,-40.5,41.5,5.108547687530518,6.798365592956543,-17.376251220703125,-0.07373046875,17.625,0.0,
27,fused,V,1x8x50x128,51200,-0.05321750417351723,6.79815673828125,-40.5,41.5,5.108547687530518,6.798365592956543,-17.376251220703125,-0.07373046875,17.625,0.0,
27,fused_minus_receiver,V,1x8x50x128,51200,0.0,0.0,0.0,0.0,0.0,0.0,0.0,0.0,0.0,1.0,0.0
